{"cameraMode":{"drawMode":0,"name":"Shaded","section":"Shading Mode"},"sceneLighting":false,"audioPlay":false,"sceneViewState":{"showFog":true,"showMaterialUpdate":false,"showSkybox":true,"showFlares":true,"showImageEffects":true,"showParticleSystems":true},"in2DMode":false,"pivot":{"x":110.578125,"y":9.857254028320313,"z":0.3789893090724945},"rotation":{"x":-0.2370939701795578,"y":0.5170900225639343,"z":-0.15166990458965302,"w":-0.8083378672599793},"size":167.99642944335938,"orthographic":false}